Actor1CountryCode,SQLDATE,Actor1Geo_Lat,Actor1Geo_Long,QuadClass,sum(ImportanceTone),sum(NumArticles)
QAT,20160618,35.0,38.0,4,-139.664794921875,10
SYR,20160611,-10.0,-55.0,4,-3.187251091003418,2
GBR,20160611,35.95,39.0167,4,-47.108306884765625,16
,20160611,35.8469,38.5443,2,-119.28150653839111,18
,20160610,33.5,36.3,4,-63.9614315032959,12
DEU,20160618,35.0,38.0,4,-246.28313446044922,30
USA,20160618,35.95,39.0167,4,-12.554112434387207,2
GBR,20160618,51.5,-0.116667,4,-111.68766021728516,23
TWN,20160624,31.2222,121.458,2,-11.254851341247559,3
,20160625,36.5024,40.7477,4,-84.72769737243652,20
,20160612,35.75,51.5148,4,-36.15035629272461,7
VNM,20160611,35.95,39.0167,4,-6.8273091316223145,5
KEN,20160618,35.0,38.0,4,-13.493975639343262,2
SYR,20160618,36.5282,37.955,4,-543.5894298553467,127
SYR,20160618,55.7522,37.6156,4,-7.659574508666992,2
IDN,20160612,35.0,38.0,4,-134.16811752319336,24
ARE,20160612,33.5,36.3,2,-7.852193832397461,2
DZA,20160611,35.0,38.0,4,-23.974151611328125,7
LBN,20160611,33.8719,35.5097,2,-8.70322060585022,10
SAU,20160611,35.75,51.5148,2,-37.3831787109375,4
LBN,20160625,34.1794,36.4208,4,-8.873720169067383,2
IRN,20160625,36.2028,37.1586,4,-51.117000579833984,8
FRA,20160612,35.0,38.0,4,-31.59041404724121,5
CAN,20160611,45.4167,-75.7,4,-40.313819885253906,8
,20160618,36.078,41.0222,4,-11.666666984558105,2
SYR,20160618,41.0186,28.9647,2,-8.295528411865234,2
BEL,20160618,48.8667,2.33333,4,-12.426664352416992,2
SYR,20160625,34.964,40.5467,2,-114.88778686523438,15
JOR,20160612,33.5,36.3,4,-9.448819160461426,16
BGD,20160611,35.0,38.0,4,-144.8863525390625,10
AUS,20160618,35.0,38.0,4,-43.857869148254395,8
JOR,20160625,33.5,36.3,4,-143.39086532592773,32
SYR,20160612,42.1497,-74.9384,4,-28.71128273010254,4
AFG,20160612,35.0,38.0,4,-286.2337646484375,58
LBN,20160612,36.2028,37.1586,2,-194.9182415008545,34
CHN,20160611,35.0,38.0,2,13.121272087097168,6
,20160611,36.5282,37.955,4,-1240.4478738456964,501
YEM,20160611,14.0333,44.3667,2,-4.491413593292236,2
IRN,20160625,35.75,51.5148,4,-1100.8758945465088,173
SEN,20160612,33.5,36.3,2,-63.17689514160156,10
SYR,20160605,35.9306,36.6339,4,-56.35005187988281,8
,20160703,35.0,38.0,2,-529.3336919546127,138
IRQ,20160625,33.0,44.0,2,-12.720848083496094,4
IRQ,20160617,35.95,39.0167,4,-13.963963508605957,3
SAU,20160625,24.6408,46.7728,4,-14.814814567565918,4
SYR,20160625,34.964,40.5467,4,-792.7590179443359,122
TUR,20160625,36.5282,37.955,4,-17.738296508789062,12
,20160612,32.6189,36.1021,4,-15.469613075256348,10
SYR,20160612,33.6903,36.1035,2,-5.623025417327881,4
LBN,20160611,35.75,51.5148,4,-23.175320625305176,7
RUS,20160625,35.0,38.0,4,-157.58502769470215,46
SYR,20160625,35.3359,40.1408,2,-13.432836532592773,3
GHA,20160611,35.0,38.0,2,4.615384578704834,2
IRQ,20160611,31.8561,45.4366,4,-76.97518157958984,11
USA,20160618,35.0,38.0,4,-531.5268540382385,106
GBR,20160618,54.0,-2.0,4,-605.5663375854492,117
CAN,20160618,49.8833,-124.55,2,1.3816925287246704,2
,20160618,55.7522,37.6156,2,-246.99599075317383,224
SYR,20160625,36.2066,36.1572,4,-72.40848541259766,12
AFG,20160605,36.2028,37.1586,4,-6.279434680938721,2
PSE,20160612,35.9306,36.6339,2,-665.9456558227539,116
,20160611,33.0,44.0,4,-72.86826133728027,13
SYR,20160618,35.5148,35.7768,2,-1082.018440246582,190
,20160625,,,4,-2107.1729049682617,355
JOR,20160625,35.95,39.0167,4,-199.83045387268066,24
IRQ,20160625,32.709,36.5695,4,-22.32142925262451,10
AFG,20160625,35.9306,36.6339,4,-13.671614646911621,2
LBN,20160612,36.3699,37.5179,2,-11.673151969909668,2
SYR,20160612,36.0935,37.9032,4,-124.4444408416748,12
CHN,20160611,15.0,115.0,4,-24.863636016845703,4
SYR,20160611,34.9458,37.0667,4,-18.131868362426758,3
SAU,20160703,25.0,45.0,4,-11.919981002807617,2
SYR,20160618,42.8333,12.8333,2,-227.2324981689453,31
JOR,20160618,33.8333,35.8333,2,-1.7142857313156128,2
,20160618,35.0,38.0,2,-3234.5374240279198,693
SYR,20160625,35.0,38.0,4,-965.7586371898651,173
CHE,20160611,35.3359,40.1408,2,-18.145160675048828,9
THA,20160618,35.0,38.0,2,-11.538461685180664,3
NGA,20160625,35.0,38.0,4,-4.507042407989502,8
EUR,20160625,35.0,38.0,2,-26.148770332336426,6
SDN,20160612,35.0,38.0,4,-36.5366325378418,8
,20160612,28.5383,-81.3792,4,-13.612565040588379,2
ALB,20160513,41.3275,19.8189,4,-49.386024475097656,13
SYR,20160618,32.709,36.5695,4,-119.51398658752441,15
,20160625,33.3558,43.7861,4,-17.14960479736328,2
TUR,20160625,35.8469,38.5443,4,-41.86046600341797,6
SYR,20160612,34.45,40.9186,4,-230.3509922027588,48
,20160611,36.2028,37.1586,4,-2268.301922082901,420
,20160611,33.7249,36.1005,2,-64.84024810791016,14
,20160611,36.8175,38.0111,2,-11.616954803466797,2
SYR,20160618,33.0,44.0,2,-470.4640965461731,87
,20160703,41.0,75.0,4,-11.139240264892578,2
,20160618,32.709,36.5695,2,-16.780044555664062,2
RUS,20160703,60.0,100.0,4,-458.2980213165283,76
SYR,20160618,40.0,127.0,4,-15.446209907531738,4
LBY,20160612,31.2089,16.5887,4,-30.921001434326172,8
USA,20160611,33.8719,35.5097,4,-43.55555725097656,6
,20160703,33.0,44.0,4,-24.657533645629883,2
,20160618,36.9066,41.9571,2,-153.71710205078125,24
USA,20160618,33.5,36.3,4,-73.78891277313232,12
,20160618,36.5282,37.955,4,-379.943302154541,70
SYR,20160612,33.0,44.0,4,-16.880733489990234,2
YEM,20160612,35.5148,35.7768,4,-39.024391174316406,8
,20160610,35.0,38.0,2,-359.3859558105469,25
SYR,20160512,36.5282,37.955,4,-457.8233337402344,64
,20160625,31.0,36.0,4,-19.75308609008789,2
LBN,20160625,36.2028,37.1586,4,-48.79293441772461,19
SYR,20160612,25.0,17.0,4,-16.880733489990234,2
NPL,20160612,39.0,35.0,4,-13.513513565063477,10
RUS,20160612,33.5,36.3,4,-53.294960021972656,9
IRQ,20160612,33.5,36.3,4,-39.60005187988281,12
USA,20160611,35.0,38.0,2,-124.42556691169739,41
IND,20160611,35.0,38.0,2,-6.902502059936523,4
SYR,20160625,35.2389,36.0781,2,-70.38834953308105,10
,20160624,36.5282,37.955,4,-145.74063110351562,20
SYR,20160625,36.2251,37.3266,4,-106.96288108825684,18
SYR,20160611,35.1577,36.4963,2,-12.569599151611328,4
SYR,20160625,37.2397,42.1639,4,-113.6842041015625,10
GBR,20160625,36.2028,37.1586,4,-9379.06494140625,1175
FRA,20160611,33.5,36.3,4,-74.22296142578125,16
,20160618,32.709,36.5695,4,-1136.381404876709,234
LBN,20160625,35.0,38.0,2,-6.315789699554443,2
,20160611,35.5833,38.35,4,-4.966139793395996,2
SYR,20160611,36.2889,37.1609,4,-48.23066711425781,8
PSE,20160611,31.8568,35.4562,4,-13.554986953735352,2
GBR,20160617,53.7333,-1.65,4,-33.84659957885742,6
,20160625,2.8079,102.405,4,-96.18163299560547,16
SYR,20160625,33.459,36.2374,4,-72.06537818908691,10
ITA,20160625,36.2028,37.1586,2,-23.37986183166504,4
GBR,20160611,54.0,-2.0,2,-92.45419883728027,8
,20160611,33.3558,43.7861,4,-28.072559356689453,6
USA,20160611,35.75,51.5148,4,-4.69715690612793,2
DEU,20160703,35.0,38.0,4,-30.9490966796875,4
,20160618,60.0,100.0,2,-29.099034309387207,64
MNG,20160618,33.5,36.3,4,-12.52173900604248,4
,20160618,36.2028,37.1586,2,-4705.8649559021,666
FRA,20160625,46.0,2.0,4,-34.146409034729004,16
SYR,20160612,33.2092,35.515,2,-11.5291109085083,2
SYR,20160618,35.95,39.0167,2,-22.698288917541504,6
GBR,20160625,33.5,36.3,2,-46.70329475402832,10
QAT,20160612,35.0,38.0,2,8.408408164978027,4
,20160612,36.3699,37.5179,4,-120.66881942749023,19
ETH,20160611,31.8561,45.4366,4,-21.245420455932617,2
SYR,20160611,31.2089,16.5887,4,-2.034883737564087,2
SYR,20160625,35.0,38.0,2,-65.87235832214355,32
IRQ,20160625,38.8951,-77.0364,4,-15.713499069213867,4
,20160618,27.8333,-81.717,2,-10.158013343811035,2
,20160618,33.5115,36.4251,4,-57.51633834838867,8
,20160625,35.0,38.0,2,-406.9662742614746,83
IRN,20160612,36.2028,37.1586,4,-15.094339370727539,4
SYR,20160612,35.9306,36.6339,2,-504.58489513397217,96
,20160611,54.0,-2.0,4,-10.707456588745117,2
EGY,20160611,30.05,31.25,2,1.1299434900283813,2
,20160703,27.8333,-81.717,4,-247.78176498413086,34
ISR,20160618,36.2028,37.1586,4,-27.384763717651367,4
KAZ,20160625,48.0,68.0,4,-45.833335876464844,5
LBY,20160611,33.5,36.3,2,-42.105262756347656,8
FRA,20160611,46.0,2.0,4,-826.6720581054688,193
TJK,20160618,35.0,38.0,4,-67.80240631103516,7
AFG,20160625,34.3333,70.4167,4,-39.600242614746094,4
YEM,20160612,33.5,36.3,4,-379.69748306274414,73
FRA,20160612,35.9306,36.6339,4,-26.923076629638672,7
FRA,20160611,35.0,38.0,2,-11.618257522583008,8
EGY,20160612,35.0,38.0,4,-12.903225898742676,2
,20160611,35.3359,40.1408,2,-79.84008884429932,33
SYR,20160611,34.889,35.8866,4,-73.52941131591797,8
IRQ,20160612,35.0,38.0,4,-48.498069763183594,15
,20160612,32.1321,48.2003,4,-224.6346893310547,25
LBN,20160611,35.95,39.0167,4,-13.035381317138672,2
SYR,20160611,34.5608,38.2805,4,-3.370786428451538,3
LBN,20160618,33.5,36.3,4,-46.33048725128174,9
RUS,20160625,60.0,100.0,2,-318.5179557800293,106
SDN,20160611,35.0,38.0,4,-7.766989707946777,3
TKM,20160611,40.0,60.0,4,-5.714285850524902,3
,20160618,33.0,44.0,4,-13.143328189849854,10
TUR,20160618,36.2028,37.1586,2,-8.295528411865234,2
DEU,20160625,35.0,38.0,2,-7.345971584320068,2
GBR,20160612,35.0,38.0,4,-47.051761627197266,7
IRQ,20160612,36.2028,37.1586,4,-11.214953422546387,4
IRN,20160611,36.5282,37.955,2,-4.491413593292236,2
SYR,20160611,34.889,35.8866,2,-73.52941131591797,8
USA,20160618,33.0,44.0,4,-27.47252655029297,6
RUS,20160625,35.3359,40.1408,2,-402.18946838378906,50
,20160612,60.0,100.0,4,-2148.555976867676,448
,20160612,36.1593,36.8194,2,-50.20920181274414,10
PAK,20160513,33.7,73.1667,4,-39.932637214660645,19
EUR,20160611,33.5,36.3,2,-3615.507080078125,1120
EGY,20160611,33.5,36.3,2,-4.411764621734619,2
LBN,20160611,36.2028,37.1586,2,-8.70322060585022,10
KWT,20160618,35.0,38.0,4,-57.99256134033203,6
SYR,20160625,15.461,45.3253,4,-17.12779998779297,2
SYR,20160612,31.4167,34.3333,4,-8.43649673461914,2
SYR,20160611,35.95,39.0167,4,-2301.5483117103577,576
SYR,20160611,37.2397,42.1639,2,-43.96540069580078,8
SYR,20160625,36.6816,38.9768,4,-177.0154266357422,26
SYR,20160612,35.0,38.0,4,-1536.9991517066956,242
SYR,20160625,35.95,39.0167,2,-73.4409704208374,44
IRN,20160612,25.0,45.0,4,-7.407407283782959,2
FRA,20160612,38.0,-97.0,4,-59.87884712219238,14
,20160612,36.2528,37.0792,4,-49.541282653808594,8
SYR,20160612,33.3558,43.7861,4,-13.201911449432373,6
SYR,20160611,60.0,100.0,2,-27.093539237976074,6
GBR,20160611,54.0,-2.0,4,-167.4859161376953,22
AUS,20160618,15.0,48.0,4,-10.96446704864502,2
LBN,20160612,21.0,57.0,4,-9.523809432983398,2
USA,20160611,44.0407,-72.7093,2,-4.74452543258667,2
RUS,20160618,33.5,36.3833,2,-45.16129016876221,8
GBR,20160618,32.709,36.5695,4,-31.390134811401367,4
USA,20160625,35.0,38.0,2,-1024.3215961456299,324
LBN,20160625,35.95,39.0167,4,-74.41860961914062,10
,20160612,25.0,17.0,4,-8.69565200805664,2
AFG,20160611,33.5,36.3,2,-17.452007293701172,5
CHN,20160618,24.0,90.0,4,-15.446209907531738,4
SYR,20160625,36.5024,40.7477,4,-16.945539474487305,4
,20160612,35.95,39.0167,2,-36.5217399597168,6
PSE,20160611,36.2028,37.1586,4,-13.554986953735352,2
GBR,20160618,53.7,-1.58333,4,-17.889907836914062,3
FRA,20160625,35.0,38.0,4,-82.08954620361328,10
JOR,20160625,31.95,35.9333,4,-119.25681686401367,18
SYR,20160611,50.8333,4.33333,2,-5.80762243270874,2
LBN,20160611,33.5,36.3,4,-23.622047424316406,3
RUS,20160618,33.5,36.3,2,-18.47700071334839,4
RUS,20160625,35.0,38.0,2,-13.626579284667969,5
,20160625,36.2251,37.3266,4,-591.7795114517212,116
USA,20160625,38.8951,-77.0364,4,-39.829444885253906,18
,20160611,27.8333,-81.717,4,-50.61082077026367,4
RUS,20160611,33.5,36.3,2,-12.639406204223633,6
RUS,20160611,55.7522,37.6156,4,-40.30223894119263,15
IRN,20160611,35.75,51.5148,4,-247.40640258789062,47
,20160611,35.75,51.5148,2,-328.2965393066406,98
,20160618,35.8469,38.5443,2,-75.29908752441406,10
SYR,20160618,36.5282,37.955,2,0.8849557638168335,2
,20160618,,,2,-1671.8250887393951,295
CHN,20160625,35.0,38.0,4,-9.054162979125977,2
,20160610,35.8469,38.5443,4,-109.09091186523438,12
GRC,20160611,36.2028,37.1586,4,-13.554986953735352,2
,20160618,35.7833,39.6,4,-147.86080169677734,18
SYR,20160611,60.0,100.0,4,-51.81963348388672,14
IRN,20160611,25.0,45.0,2,-18.096723556518555,4
RUS,20160618,60.0,100.0,4,-221.53630447387695,68
GBR,20160618,36.2028,37.1586,2,-1469.602783203125,200
PSE,20160612,36.9294,42.2211,4,-9.281767845153809,6
TUR,20160612,36.2028,37.1586,2,-5.960264682769775,2
SYR,20160611,39.0,35.0,4,-86.99184894561768,14
SYR,20160618,36.5866,37.0463,2,-8.824987411499023,2
SYR,20160618,36.2158,38.0631,4,-118.33670043945312,14
IRQ,20160618,34.6158,43.6786,4,-3443.274169921875,756
USA,20160611,36.5282,37.955,2,-13.035382270812988,5
SYR,20160611,36.2158,38.0631,4,-29.796838760375977,12
,20160618,35.4073,36.8233,4,-45.47322082519531,8
SYR,20160618,35.4073,36.8233,4,-119.36720275878906,21
SYR,20160618,35.2389,36.0781,4,-12.614679336547852,5
IRQ,20160611,33.0,44.0,2,-7.0640177726745605,2
SYR,20160611,36.3699,37.5179,4,-12.711864471435547,2
GRC,20160611,31.8568,35.4562,4,-27.109973907470703,4
FRA,20160612,46.0,2.0,4,-345.90045499801636,84
SAU,20160612,35.95,39.0167,4,-224.65403747558594,32
,20160612,33.459,36.2374,4,-45.28563117980957,10
GBR,20160611,35.0,38.0,4,-34.43037796020508,4
IRN,20160611,35.3359,40.1408,4,-28.66242027282715,6
,20160618,39.0,22.0,2,-1.0810810327529907,2
SYR,20160618,33.5,36.3,4,-760.4690084457397,150
LBN,20160618,36.2028,37.1586,4,-947.3757610321045,162
SYR,20160526,36.2028,37.1586,4,-107.6751356124878,21
TUR,20160612,39.9272,32.8644,2,-33.07692337036133,6
FRA,20160611,38.0,-97.0,4,-82.27983093261719,18
SYR,20160611,35.5833,38.35,4,-46.480528831481934,18
USA,20160618,38.8951,-77.0364,4,-113.68877506256104,30
,20160513,35.9306,36.6339,4,-70.43756103515625,10
SYR,20160611,33.0,44.0,2,-14.128035545349121,4
JOR,20160611,33.5,36.3,4,-182.9468536376953,27
USA,20160703,42.1497,-74.9384,2,-7.234363079071045,4
USA,20160703,35.0,38.0,4,-117.36804962158203,18
IRQ,20160618,33.0,44.0,4,-58.244110107421875,8
SYR,20160618,35.95,39.0167,4,-577.2125911712646,85
AFR,20160618,35.0,38.0,4,-8.918617248535156,2
TUR,20160618,39.9272,32.8644,2,-1833.9616794586182,250
SYR,20160618,36.5866,37.0463,4,-21.520069122314453,6
GBR,20160618,36.0592,37.0123,4,-240.49803161621094,54
GBR,20160625,35.0,38.0,4,-433.8067932128906,64
,20160625,34.1083,-117.29,2,-25.79957389831543,4
IRN,20160612,32.1321,48.2003,4,-81.02431106567383,9
TUR,20160611,38.8951,-77.0364,4,-7.7177510261535645,2
IRN,20160611,26.7908,62.7736,4,-6.406230449676514,2
,20160625,33.5,36.3,2,-127.0297737121582,28
,20160611,35.75,51.5148,4,-4.966139793395996,2
SYR,20160618,38.8951,-77.0364,4,-24.374319076538086,4
RUS,20160625,35.5148,35.7768,4,-6.419753074645996,2
PSE,20160625,36.2028,37.1586,4,-178.5567922592163,32
,20160625,42.3314,-83.0458,2,-25.773197174072266,10
,20160612,33.0,44.0,4,-79.87279891967773,7
SYR,20160612,36.5282,37.955,2,-657.1653299331665,131
,20160611,36.5282,37.955,2,-1157.5322904586792,207
USA,20160618,35.0,38.0,2,-469.31595611572266,120
SYR,20160625,31.95,35.9333,2,-8.88259732723236,8
EUR,20160612,35.0,38.0,2,-20.321760177612305,5
SYR,20160605,36.5282,37.955,4,-159.69581604003906,20
IRN,20160618,35.0,105.0,4,-15.446209907531738,4
TJK,20160618,10.0,8.0,4,-32.478633880615234,3
,20160618,33.5,36.3833,4,-92.26442527770996,20
GBR,20160625,36.5282,37.955,4,-65.69342803955078,10
RUS,20160612,60.0,100.0,2,-230.66720581054688,40
GBR,20160612,54.0,-2.0,4,-12.307692527770996,2
IRQ,20160618,33.0,44.0,2,-23.082942962646484,5
LBN,20160625,33.8719,35.5097,2,-18.88736343383789,5
USA,20160625,34.9513,-92.3809,2,-7.613470077514648,2
,20160625,38.8951,-77.0364,4,-26.380749225616455,6
IRN,20160612,35.95,39.0167,2,-3.3444817066192627,8
SYR,20160611,33.459,36.2374,4,-240.039400100708,39
CHN,20160611,33.459,36.2374,4,-29.189189910888672,6
USA,20160612,25.7743,-80.1937,4,-13.496932983398438,2
BHR,20160618,35.0,38.0,4,-57.99256134033203,6
USA,20160618,38.0,-97.0,4,-24.150943756103516,4
RUS,20160625,36.2028,37.1586,4,-127.64941501617432,23
,20160618,35.2389,36.0781,4,-23.325468063354492,8
RUS,20160612,60.0,100.0,4,-217.72479057312012,37
SYR,20160513,35.0,38.0,4,-75.25562286376953,8
BEL,20160618,35.0,38.0,4,-3047.412841796875,289
JOR,20160625,33.8719,35.5097,4,-5.333333492279053,2
LBY,20160611,35.0,38.0,4,-25.036468505859375,6
LBN,20160618,39.0646,-105.327,4,-8.88888931274414,2
,20160618,31.9761,34.8889,4,-33.54722595214844,5
,20160625,35.2389,36.0781,4,-211.39759635925293,30
,20160625,36.6816,38.9768,4,-210.88639450073242,33
SYR,20160612,12.3703,-1.52472,2,-5.933682441711426,2
,20160612,,,4,-2012.6700959205627,292
,20160611,33.5,36.3833,4,-18.131868362426758,3
,20160618,28.5383,-81.3792,2,-42.3371639251709,7
AFG,20160612,33.0,65.0,4,-24.19355010986328,10
,20160611,39.0,35.0,4,-13.499112129211426,4
SYR,20160625,35.0653,36.3406,4,-289.0555601119995,28
SYR,20160625,35.9306,36.6339,2,-854.8144130706787,108
SYR,20160612,39.9272,32.8644,2,-9.239130020141602,2
YEM,20160612,36.2028,37.1586,4,-142.05712890625,26
GBR,20160618,36.2028,37.1586,4,-1732.9431600570679,241
SYR,20160618,33.8,36.4333,4,-39.71244430541992,9
LKA,20160611,7.0,81.0,4,-151.06951904296875,24
,20160611,46.1956,6.14811,4,-38.110748291015625,6
,20160618,35.5148,35.7768,2,51.941062927246094,16
EUR,20160618,33.5,36.3,2,-104.61538696289062,20
SYR,20160618,35.75,51.5148,4,-54.6581916809082,16
IRN,20160612,38.8951,-77.0364,4,-12.611934661865234,2
RUS,20160612,35.9306,36.6339,4,-103.2890510559082,16
EGY,20160618,35.0,38.0,4,-166.25330352783203,29
,20160618,33.3558,43.7861,4,-69.41340446472168,10
USA,20160625,42.3314,-83.0458,2,-25.773197174072266,10
SEA,20160612,2.5,112.5,2,-9.598604202270508,2
SYR,20160612,33.5,36.3833,2,-18.13602066040039,6
IDN,20160612,36.5282,37.955,2,-28.709197998046875,9
,20160612,36.6816,38.9768,4,-24.867725372314453,4
TUR,20160611,35.0,38.0,4,-29.370125770568848,9
YEM,20160611,36.2028,37.1586,4,-36.36529541015625,8
SYR,20160618,33.8719,35.5097,4,-13.496932983398438,2
BGR,20160612,35.0,38.0,2,-7.692307949066162,3
LBN,20160612,33.8719,35.5097,4,-2000.256344795227,277
LBN,20160612,36.2028,37.1586,4,-53.187795639038086,7
PAK,20160611,35.0,38.0,4,-76.8263578414917,21
,20160618,33.5,36.3,2,-239.52984189987183,50
JOR,20160625,33.8719,35.5097,2,-30.834243774414062,10
USA,20160612,35.95,39.0167,4,-49.84326171875,12
RUS,20160612,55.7522,37.6156,2,-81.64290714263916,15
BHR,20160611,26.0,50.55,4,-173.9446029663086,33
,20160611,33.6903,36.1035,4,-79.92388343811035,15
,20160618,32.0,53.0,2,-31.36456298828125,4
IRN,20160618,32.0,53.0,4,-695.5972366333008,97
SYR,20160612,60.0,100.0,2,-98.11561584472656,20
,20160612,37.1671,38.7939,4,-314.0857849121094,55
,20160612,35.5148,35.7768,4,-3.3457250595092773,3
,20160612,33.7249,36.1005,2,-66.74286079406738,19
SYR,20160611,36.2028,37.1586,4,-4272.977130204439,956
IRQ,20160618,36.5282,37.955,2,-30.619388580322266,7
RUS,20160612,35.9306,36.6339,2,-100.00802803039551,18
IRN,20160612,33.3558,43.7861,4,-5.55555534362793,2
SYR,20160611,33.8333,35.8333,4,-422.1767272949219,54
SYR,20160611,35.3359,40.1408,4,-295.5881881713867,34
USA,20160611,33.5,36.3,4,-267.11757612228394,58
,20160611,36.2028,37.1586,2,-308.4687650203705,87
,20160625,33.8333,35.8333,4,-261.08167839050293,39
,20160625,39.0,35.0,4,-99.0555362701416,16
,20160611,33.5,36.3,4,-21176.60690164566,2381
,20160605,35.9306,36.6339,4,-14.087512969970703,2
USA,20160612,36.5282,37.955,4,-88.37065267562866,40
ITA,20160618,41.9,12.4833,2,-5.962059497833252,2
NPL,20160612,27.7167,85.3167,2,-13.513513565063477,10
IRN,20160612,35.95,39.0167,4,-22.22222137451172,8
,20160611,36.2889,37.1609,4,-1171.0884685516357,175
,20160611,35.3614,35.9256,4,-50.69124221801758,5
JOR,20160625,35.0,38.0,4,-50.96322250366211,7
,20160612,33.8333,35.8333,4,-65.43535614013672,16
SYR,20160611,33.0,44.0,4,-20.639835357666016,8
IRN,20160625,33.5,36.3,4,-124.34313774108887,18
IRL,20160618,35.0,38.0,4,-67.5,12
RUS,20160625,38.8951,-77.0364,4,-14.163089752197266,2
,20160612,39.0,35.0,4,-20.175437927246094,7
DEU,20160618,35.0,38.0,2,-65.6108627319336,10
BLZ,20160618,35.0,38.0,4,1.298701286315918,4
SYR,20160618,36.2028,37.1586,4,-6907.817702293396,980
,20160625,55.7522,37.6156,4,-102.77260208129883,18
SYR,20160625,36.2028,37.1586,4,-4553.920729160309,810
JOR,20160625,36.2028,37.1586,2,-92.50273132324219,30
SYR,20160612,33.8333,35.8333,4,-79.2682933807373,10
SAU,20160612,25.0,45.0,2,-16.457143783569336,6
AUS,20160612,25.0,45.0,4,-14.041746139526367,2
EGY,20160612,33.5,36.3,2,-45.92049026489258,18
SYR,20160611,35.95,39.0167,2,-74.00419807434082,36
,20160625,55.7522,37.6156,2,-2.03389835357666,2
,20160611,35.95,39.0167,2,-247.63338947296143,57
PAK,20160512,33.7,73.1667,4,-2.6315789222717285,3
LBN,20160618,31.9761,34.8889,4,-23.646093368530273,4
GRC,20160618,39.1667,26.25,2,-61.12359619140625,8
,20160618,59.8944,30.2642,4,-3.5413153171539307,2
SYR,20160625,15.0,48.0,4,-124.94568634033203,16
NLD,20160612,35.0,38.0,4,-13.043478012084961,3
SYR,20160611,36.2028,37.1586,2,-515.2065986394882,204
EUR,20160703,35.0,38.0,4,-72.59259033203125,16
SYR,20160618,35.3359,40.1408,4,-106.14573287963867,34
,20160612,36.9294,42.2211,4,-12.375690460205078,8
,20160612,36.5282,37.955,2,-25.86827278137207,5
SYR,20160611,33.5,36.3,4,-5392.701872348785,646
USA,20160611,42.1497,-74.9384,4,13.161290168762207,8
SYR,20160625,35.5148,35.7768,2,0.0,10
SYR,20160625,35.0653,36.3406,2,-73.11585807800293,10
RUS,20160612,35.0,38.0,4,-78.2608699798584,13
USA,20160612,33.8719,35.5097,4,-93.8015365600586,16
SYR,20160612,35.9306,36.6339,4,-2384.1815242767334,384
GBR,20160618,33.5,36.3,2,-3.9008960723876953,2
,20160625,60.0,100.0,4,-27.507113456726074,8
LBN,20160612,35.95,39.0167,4,-44.18985366821289,6
,20160618,35.9826,36.7035,4,-80.8080825805664,6
,20160625,35.2389,36.0781,2,-73.11585998535156,10
PSE,20160612,33.8719,35.5097,2,-67.7604751586914,12
,20160612,36.2889,37.1609,4,-94.51298522949219,10
RUS,20160612,55.7522,37.6156,4,-79.14215469360352,13
TUR,20160618,41.0186,28.9647,4,-31.263858795166016,8
RUS,20160618,59.8944,30.2642,2,-2.793295979499817,5
USA,20160624,44.2394,-114.51,4,-19.589977264404297,2
SYR,20160612,35.8469,38.5443,4,-75.4189920425415,20
SYR,20160612,33.5,36.3,2,-482.8083119392395,86
AUS,20160612,33.5,36.3,4,-42.12523651123047,6
SYR,20160611,35.5148,35.7768,2,-13.664596557617188,3
GRC,20160703,35.0,38.0,4,-34.0206184387207,3
IRQ,20160611,36.5282,37.955,2,-11.019490242004395,3
,20160611,35.1577,36.4963,2,-6.284799575805664,2
USA,20160618,36.2028,37.1586,4,-418.76512908935547,51
SYR,20160625,46.0,2.0,4,-9.677419662475586,2
SYR,20160625,35.2389,36.0781,4,-147.7344627380371,21
TUR,20160625,40.7836,26.0676,4,-37.593544006347656,6
IRQ,20160611,36.5282,37.955,4,-31.113561630249023,8
RUS,20160611,60.0,100.0,4,-110.3097677230835,30
,20160611,36.7694,41.1414,2,-28.80720281600952,12
,20160611,46.1956,6.14811,2,-2.1772665977478027,12
BGD,20160618,24.0,90.0,4,-61.78483963012695,16
SYR,20160611,35.3359,40.1408,2,-128.8017578125,48
TUR,20160703,35.0,38.0,4,-777.055342912674,99
,20160618,35.0209,40.4535,4,-60.377357482910156,8
SYR,20160625,39.0,35.0,4,-171.31365966796875,25
IRQ,20160611,35.95,39.0167,4,-9.921670913696289,2
AFG,20160618,36.2028,37.1586,4,-49.25372886657715,6
SYR,20160618,34.6158,43.6786,4,-860.8185424804688,189
,20160513,35.9306,36.6339,2,-84.40367126464844,10
SYR,20160611,46.0,2.0,4,-14.634146690368652,2
,20160618,39.0,35.0,4,-57.13822555541992,11
SYR,20160618,36.5383,37.2693,4,-8.824987411499023,2
YEM,20160611,33.8719,35.5097,4,-191.81688690185547,25
SYR,20160625,33.5,36.3,2,-4.233896255493164,34
GBR,20160611,33.5,36.3,4,-53732.822265625,6176
GBR,20160618,35.0,38.0,4,-270.8449442386627,62
,20160618,36.2028,37.1586,4,-11636.856869220734,1828
,20160625,31.95,35.9333,4,-49.13733673095703,7
PAK,20160625,36.2028,37.1586,2,15.40153980255127,10
LBN,20160625,33.5,36.3,4,-13.946587562561035,2
LBN,20160612,35.9306,36.6339,4,-226.1174759864807,38
,20160611,35.0,38.0,4,-2766.219907283783,466
,20160618,35.0,105.0,2,12.985265731811523,4
SYR,20160618,35.5905,37.0054,2,-11.225040435791016,2
USA,20160625,35.0,38.0,4,-66.0389347076416,26
RUS,20160625,35.3359,40.1408,4,-287.25313568115234,47
SYR,20160625,36.3699,37.5179,4,-111.6217794418335,16
,20160612,,,2,-521.0141830444336,103
IRQ,20160612,35.0,38.0,2,-210.5241825580597,80
SYR,20160612,36.5282,37.955,4,-2133.1976108551025,405
RUS,20160612,35.7332,35.8575,4,-18.387096405029297,3
GHA,20160618,35.0,38.0,4,-36.78160858154297,10
,20160618,33.0833,43.4833,4,-15.094339370727539,2
PGS,20160618,35.95,39.0167,4,-8.522727012634277,2
SYR,20160612,33.5,36.3833,4,-126.15962982177734,20
SYR,20160612,36.8175,38.0111,4,-35.31598663330078,10
,20160611,36.3699,37.5179,4,-115.37480354309082,18
RUS,20160611,36.2028,37.1586,4,-36.9812536239624,8
AFG,20160625,34.5167,69.1833,4,-114.69448852539062,13
,20160625,36.3699,37.5179,4,-730.2270126342773,105
SYR,20160612,35.0,38.0,2,-139.1545901298523,36
,20160612,38.0,-97.0,4,-872.4216108322144,178
USA,20160611,36.5282,37.955,4,-185.12148571014404,55
USA,20160618,36.2028,37.1586,2,-41.880953311920166,12
,20160618,36.5282,37.955,2,-74.95487093925476,30
SYR,20160625,35.75,51.5148,2,-16.935483932495117,2
IRN,20160612,32.0,53.0,4,-60.3351936340332,16
RUS,20160612,36.2028,37.1586,4,-44.186147689819336,7
UKR,20160611,35.0,38.0,2,-4.733727931976318,8
IRN,20160625,35.75,51.5148,2,-11.390728950500488,2
IND,20160625,33.5,36.3,4,-37.03703689575195,12
JOR,20160625,38.8951,-77.0364,4,-11.214953422546387,2
,20160612,30.0,70.0,4,-8.732394218444824,2
,20160612,33.5,36.3,2,-854.9236879348755,174
SYR,20160618,33.5115,36.4251,4,-28.758169174194336,4
YEM,20160625,36.2028,37.1586,4,-50.513023376464844,20
GBR,20160618,46.0,2.0,4,0.0,2
PHL,20160612,35.0,38.0,4,-20.98936653137207,8
SYR,20160612,36.0951,37.0815,4,-27.750247955322266,4
,20160611,33.2092,35.515,4,-44.86924362182617,8
FRA,20160611,36.5282,37.955,4,-15.916283130645752,6
,20160611,33.7,35.9667,4,-466.74688720703125,40
,20160618,36.5383,37.2693,4,-17.649974822998047,4
,20160618,33.3667,43.7167,2,-26.578773498535156,4
CUB,20160625,35.0,38.0,4,-49.78166198730469,6
MMR,20160618,35.0,38.0,4,-21.668100357055664,4
RUS,20160625,60.0,100.0,4,-96.19682121276855,20
SYR,20160625,35.9306,36.6339,4,-85.7571907043457,12
USA,20160625,38.8951,-77.0364,2,-3.4634974002838135,2
SYR,20160618,31.0,36.0,2,-27.966506958007812,18
USA,20160618,25.0,45.0,4,-1.8939393758773804,20
GRC,20160618,35.0,38.0,2,-44.24778747558594,10
RUS,20160625,35.95,39.0167,2,-68.21578216552734,24
,20160625,33.5,36.3,4,-697.3373990058899,135
TUR,20160612,38.7525,35.3764,2,-170.60594177246094,34
,20160612,31.95,35.9333,4,-3.0939226150512695,2
SYR,20160611,35.0,38.0,4,-1297.6703855991364,223
,20160611,38.8951,-77.0364,2,-132.67588424682617,21
GBR,20160611,33.5,36.3,2,-104.7529525756836,20
IRN,20160611,36.2889,37.1609,4,-21.611806869506836,4
,20160618,54.0,-2.0,4,-31.890661239624023,4
GBR,20160618,34.0522,-118.244,2,-8.484848022460938,2
USA,20160611,33.6695,-117.823,4,-42.458099365234375,4
GHA,20160611,33.459,36.2374,4,-19.45945930480957,4
,20160611,34.5608,38.2805,2,-75.85108947753906,23
PSE,20160618,35.0,38.0,2,-11.549430698156357,5
TUR,20160618,36.5282,37.955,4,-10.041840553283691,2
USA,20160625,36.2028,37.1586,4,-11.329305648803711,5
ITA,20160625,38.8951,-77.0364,2,-70.13958740234375,12
SYR,20160612,33.459,36.2374,2,-21.90476131439209,6
USA,20160611,38.8951,-77.0364,2,-13.699515342712402,4
,20160611,33.5,36.3,2,-1474.3618112802505,322
DEU,20160703,51.0,9.0,4,-77.37274169921875,10
IRQ,20160618,35.95,39.0167,4,-39.86490058898926,9
RUS,20160618,36.2028,37.1586,4,-16.905242919921875,2
,20160611,40.0,45.0,4,-3.125,2
USA,20160512,35.0,38.0,4,-10.948904991149902,3
SYR,20160611,33.8,36.4333,4,-4.94505500793457,3
,20160703,25.0,45.0,4,-11.919981002807617,2
CHN,20160618,35.0,105.0,2,7.177844524383545,6
YEM,20160618,60.0,100.0,2,-90.11660766601562,21
USA,20160625,36.2028,37.1586,2,-1099.6086311340332,145
MAR,20160625,36.2028,37.1586,4,-125.11848449707031,16
,20160618,33.3558,43.7861,2,-11.85050106048584,2
SEA,20160612,35.0,38.0,2,-38.39441680908203,8
SYR,20160611,50.8333,4.33333,4,-28.751976013183594,6
,20160604,34.9458,37.0667,4,-120.8791275024414,20
USA,20160625,36.5282,37.955,2,-373.01409912109375,52
PAK,20160513,33.0,44.0,4,-4.071898937225342,2
GBR,20160612,60.0,100.0,4,-202.63572692871094,36
,20160612,38.0,-97.0,2,-73.91277122497559,16
RUS,20160612,32.1321,48.2003,4,-36.605655670166016,4
IRQ,20160611,33.0,44.0,4,-20.639835357666016,8
LBN,20160611,34.5428,36.0797,4,-373.39752197265625,32
SAU,20160611,33.8,36.4333,2,-22.321430206298828,5
SYR,20160618,33.5,36.3,2,-192.1033182144165,33
GBR,20160618,53.7333,-1.65,4,-199.66085815429688,38
SYR,20160625,34.5608,38.2805,4,-30.895465850830078,20
IRQ,20160612,33.0,44.0,4,-89.88743209838867,22
IRQ,20160612,35.95,39.0167,4,-20.175437927246094,7
LBN,20160612,33.5,36.3,4,-121.96624946594238,16
ARM,20160611,40.1811,44.5136,4,-135.84906005859375,16
CHE,20160611,36.2028,37.1586,2,-13.981762886047363,2
IRN,20160611,33.8,36.4333,4,-48.16964864730835,13
SYR,20160618,60.0,100.0,4,-26.337157249450684,4
USA,20160612,35.0,38.0,2,-139.5277180671692,24
LBN,20160612,36.5282,37.955,4,-143.8848876953125,20
GBR,20160612,35.95,39.0167,4,-20.175437927246094,7
PSE,20160612,32.6189,36.1021,4,-3.0939226150512695,2
,20160611,36.17,-119.746,2,-56.774192810058594,4
IRQ,20160611,35.0,38.0,4,-568.8077163696289,77
,20160611,35.95,39.0167,4,-388.43924617767334,137
IRQ,20160703,35.0,38.0,4,-32.93058270215988,6
GBR,20160618,60.0,100.0,4,-7.027740478515625,3
,20160625,35.0653,36.3406,4,-50.147491455078125,10
IRQ,20160625,35.9306,36.6339,2,-20.927072525024414,4
SYR,20160612,33.0,44.0,2,-608.4873504638672,112
IRN,20160612,33.5,36.3,2,-95.03239822387695,10
,20160612,36.2028,37.1586,2,-243.77252197265625,30
USA,20160611,35.0,38.0,4,-561.1859593391418,90
SAU,20160611,35.0,38.0,4,-5.529953956604004,2
IRN,20160611,35.75,51.5148,2,-85.81348705291748,16
QAT,20160618,36.2028,37.1586,4,-89.70099639892578,10
SYR,20160618,34.5608,38.2805,4,-156.16222429275513,27
AFG,20160625,35.0,38.0,2,-6.360424041748047,2
GBR,20160612,33.5,36.3,4,-8571.704498291016,1088
IRQ,20160612,33.3558,43.7861,4,-28.245606899261475,12
GHA,20160611,8.65513,-0.001346,2,4.615384578704834,2
,20160611,35.3359,40.1408,4,-764.0207405090332,118
SYR,20160625,35.5148,35.7768,4,-163.79310607910156,10
,20160625,35.95,39.0167,4,-258.9752039909363,58
LBN,20160612,36.3699,37.5179,4,-71.00155639648438,11
,20160612,33.0,65.0,4,-229.8329372406006,38
,20160611,35.5905,37.0054,4,-50.0,10
,20160611,33.0,65.0,4,-257.50704765319824,44
SYR,20160611,48.8667,2.33333,2,-22.82487678527832,8
USA,20160618,38.8951,-77.0364,2,-76.50860595703125,10
,20160612,36.2028,37.1586,4,-731.6728172302246,101
TUR,20160611,36.2028,37.1586,4,-19.857635974884033,9
,20160611,33.8,36.4333,4,-4.966139793395996,2
CHE,20160611,46.1956,6.14811,2,-110.85744428634644,19
RUS,20160618,35.0,38.0,2,-188.70198345184326,30
ISR,20160618,39.0,35.0,4,-24.851726531982422,5
IRN,20160612,35.0,38.0,4,-18.987340927124023,2
TUR,20160625,35.0,38.0,4,-86.09270858764648,10
,20160612,35.3359,40.1408,4,-79.10560607910156,12
USA,20160612,33.3558,43.7861,4,-5.904058933258057,2
,20160611,,,4,-3913.9639945030212,715
,20160618,35.95,39.0167,4,-1334.8900175094604,339
PAK,20160618,35.95,39.0167,2,-42.96675109863281,4
AFG,20160625,35.0,38.0,4,-135.1351318359375,10
SYR,20160625,32.6189,36.1021,4,-124.32847213745117,18
,20160612,35.2916,36.7488,2,20.16128921508789,10
USA,20160604,38.8951,-77.0364,4,-23.74100685119629,4
,20160611,33.3386,44.3939,2,-39.63963985443115,10
IRQ,20160703,33.0,44.0,4,-95.38010787963867,10
,20160618,33.5,36.3,4,-1140.6395010948181,213
TUR,20160612,35.0,38.0,4,-160.32388305664062,18
RUS,20160611,30.9833,47.1167,2,-6.849757671356201,2
USA,20160703,42.1497,-74.9384,4,-7.234363079071045,4
,20160625,,,2,-1962.708812713623,523
LBY,20160612,33.5,36.3,4,-100.75797939300537,14
EGY,20160611,35.0,38.0,4,-52.40199279785156,8
AZE,20160618,35.0,38.0,4,17.32581329345703,20
,20160625,52.9667,-1.16667,4,-23.29317283630371,6
USA,20160611,39.0,35.0,4,-30.674846649169922,2
TUR,20160611,39.0,35.0,4,-240.40397262573242,59
,20160618,35.95,39.0167,2,-4.029099464416504,3
SYR,20160625,36.5282,37.955,4,-3571.441816806793,713
EUR,20160612,33.5,36.3,2,-639.8388671875,200
SYR,20160625,36.3699,37.5179,2,-25.751073837280273,4
,20160612,27.8333,-81.717,4,-5.741641521453857,4
,20160612,36.5282,37.955,4,-4197.595310688019,731
,20160618,31.75,47.3,4,-189.5788116455078,16
PSE,20160625,35.0,38.0,4,-83.93782043457031,24
LBN,20160612,33.8333,35.8333,4,-25.0,6
,20160612,36.9066,41.9571,2,-110.81900787353516,20
IRN,20160611,36.2028,37.1586,2,-13.572542190551758,3
TUR,20160625,35.3359,40.1408,4,-8.462623596191406,2
TUR,20160612,39.9272,32.8644,4,-9.657947540283203,6
,20160611,35.5148,35.7768,2,-9.10973072052002,2
GRC,20160703,41.0,20.0,4,-8.828522682189941,2
LBN,20160618,35.0,38.0,2,-8.571428537368774,10
SYR,20160625,32.709,36.5695,4,-227.62704372406006,42
LBY,20160612,33.5,36.3,2,-38.929439544677734,8
SYR,20160612,36.1593,36.8194,4,-10.041840553283691,2
GBR,20160612,36.5282,37.955,2,-38.709678649902344,9
ITA,20160611,35.0,38.0,4,-29.462738037109375,10
,20160611,33.459,36.2374,2,0.20600128173828125,18
JOR,20160618,31.0,36.0,2,-6.857142925262451,8
,20160618,33.8719,35.5097,4,-43.54066848754883,7
RUS,20160618,35.5148,35.7768,2,8.227595329284668,4
TUR,20160611,35.0,38.0,2,3.3898305892944336,8
NOR,20160618,35.0,38.0,2,-9.162303924560547,2
SYR,20160612,32.6189,36.1021,4,-3.0939226150512695,2
RUS,20160612,36.2528,37.0792,4,-49.541282653808594,8
SYR,20160611,54.0,-2.0,4,-67.19999694824219,6
RUS,20160618,35.5148,35.7768,4,-320.28939628601074,185
USA,20160612,27.8333,-81.717,4,-17.224924087524414,12
CAN,20160611,35.0,38.0,4,0.0,2
TUR,20160610,39.0,35.0,4,-18.18181800842285,2
PAK,20160618,30.0,70.0,4,-48.32626724243164,4
SYR,20160618,34.5608,38.2805,2,-192.8250732421875,25
,20160612,35.0,38.0,4,-5534.973111152649,892
IRN,20160612,35.75,51.5148,4,-553.9881401062012,107
PSE,20160618,33.5,36.3,4,-137.05583953857422,10
RUS,20160618,55.7522,37.6156,4,-1869.238416671753,699
,20160612,24.6408,46.7728,4,-79.06295776367188,10
RUS,20160611,36.5282,37.955,4,-12.200435638427734,2
,20160611,34.9458,37.0667,4,-42.30769348144531,7
RUS,20160618,35.0,38.0,4,-175.0702247619629,40
RUS,20160625,33.5,36.3,4,-27.978199005126953,6
SYR,20160611,35.8469,38.5443,2,-34.28571319580078,6
BGD,20160626,24.0,90.0,4,-11.038107872009277,4
SAU,20160618,35.3359,40.1408,2,-35.220123291015625,6
EGY,20160612,30.05,31.25,2,2.3809523582458496,2
,20160611,60.0,100.0,4,-11.333333015441895,2
LBN,20160611,33.8719,35.5097,4,-4002.2352533340454,521
FRA,20160611,48.8667,2.33333,4,-16.42105197906494,13
USA,20160703,35.0,38.0,2,-106.04553604125977,32
JOR,20160618,31.95,35.9333,4,-12.937690734863281,4
SYR,20160612,39.0,35.0,2,-11.012433052062988,2
GBR,20160618,54.0,-2.0,2,-11.483253479003906,4
,20160625,46.0,2.0,4,-863.7803344726562,152
JOR,20160625,36.2028,37.1586,4,-439.1417770385742,120
SYR,20160625,34.7517,35.9896,2,-10.808314323425293,4
SYR,20160612,35.7332,35.8575,4,-117.2591438293457,19
CHN,20160618,35.0,105.0,4,-46.33863067626953,12
SYR,20160618,33.0,44.0,4,-15.2610445022583,4
SYR,20160611,35.6411,-79.8431,4,-11.06351375579834,3
,20160703,33.8333,35.8333,4,-101.66172122955322,28
PRK,20160618,40.0,127.0,4,-46.33863067626953,12
USA,20160612,35.0,38.0,4,-217.2474889755249,40
FRA,20160612,33.5,36.3,4,-59.87884712219238,14
IRN,20160612,35.9306,36.6339,2,-9.00523567199707,2
EUR,20160611,35.0,38.0,4,-6.737894058227539,8
TUR,20160611,41.0186,28.9647,4,-25.80644989013672,5
,20160611,33.459,36.2374,4,-6.709902763366699,6
IRQ,20160618,35.0,38.0,4,-645.0855169296265,167
USA,20160612,38.0,-97.0,4,-179.6365509033203,42
SYR,20160611,34.5608,38.2805,2,-0.13333334028720856,2
,20160618,41.0186,28.9647,4,-15.631929397583008,4
SYR,20160625,35.95,39.0167,4,-271.9229612350464,50
SYR,20160625,35.3359,40.1408,4,-143.89266967773438,24
FRA,20160605,36.8175,38.0111,2,-5.776173114776611,2
,20160611,34.0908,-118.409,2,-28.246013641357422,4
GBR,20160625,39.0,35.0,4,-131.42130661010742,20
LBY,20160611,36.5282,37.955,4,-1.845018446445465,5
TUR,20160618,36.7161,37.115,4,-180.93660378456116,26
SYR,20160612,36.2028,37.1586,2,-394.8624391555786,79
USA,20160611,35.95,39.0167,2,-4.359673023223877,4
YEM,20160611,35.8469,38.5443,4,-67.16994285583496,11
SYR,20160611,33.459,36.2374,2,-67.5254774093628,42
,20160618,53.7333,-1.65,4,-35.42381954193115,5
AFG,20160625,33.0,65.0,2,-9.54063606262207,3
IRQ,20160625,35.75,51.5148,2,-7.981756210327148,2
TUR,20160625,36.2028,37.1586,2,-31.028667449951172,4
,20160612,35.9306,36.6339,4,-2225.4864432811737,396
GBR,20160611,39.0,35.0,4,-11.777076721191406,4
IRN,20160611,15.0351,50.314,2,-27.272727966308594,8
JOR,20160703,33.0,44.0,4,-8.119970321655273,2
,20160612,34.45,40.9186,4,-143.5568380355835,24
IRN,20160612,33.5,36.3,4,-14.17322826385498,2
SYR,20160611,33.7,35.9667,4,-280.04815673828125,24
SYR,20160611,35.75,51.5148,4,-4.966139793395996,2
USA,20160618,31.106,-97.6475,2,-64.41223907470703,8
GHA,20160625,35.0,38.0,2,-231.9283447265625,30
SYR,20160625,34.6852,36.6895,2,-16.140350341796875,3
IRN,20160612,36.5282,37.955,4,-215.60324096679688,42
RUS,20160611,33.5,36.3,4,-180.3922986984253,19
,20160618,33.8333,35.8333,4,-10.795454978942871,2
TUR,20160612,39.0,35.0,2,-136.2801055908203,26
BHR,20160611,36.2028,37.1586,4,-268.14976501464844,33
,20160625,36.5282,37.955,2,-95.2395133972168,13
YEM,20160612,33.8719,35.5097,4,-32.18390655517578,4
,20160612,35.7332,35.8575,4,-74.35591888427734,12
CHN,20160611,35.0,105.0,2,4.373757362365723,2
,20160611,37.768,-78.2057,2,-34.78260803222656,4
IRQ,20160612,33.5,36.3,2,-9.199318885803223,3
SYR,20160611,33.7249,36.1005,2,-4.618117332458496,2
,20160618,25.0,45.0,2,-36.630035400390625,8
ISR,20160625,35.0,38.0,4,-164.55889129638672,50
TUR,20160611,37.0594,37.3825,4,-0.29325512051582336,2
ETH,20160611,35.3359,40.1408,4,-90.04093170166016,10
SYR,20160611,36.8175,38.0111,2,-34.177215576171875,8
SYR,20160618,35.0,38.0,4,-4967.2386927604675,1091
IRQ,20160618,35.3359,40.1408,2,-13.761467933654785,10
USA,20160625,35.95,39.0167,2,-10.97744369506836,4
DEU,20160625,36.5282,37.955,4,-79.62528991699219,10
LBN,20160612,33.8719,35.5097,2,-1402.7355270385742,244
SYR,20160612,35.95,39.0167,2,-91.37041425704956,40
TUR,20160612,35.9306,36.6339,2,-21.575092315673828,4
DEU,20160618,52.5167,13.4,2,-0.8474576473236084,2
,20160618,35.5905,37.0054,2,-101.02536392211914,18
,20160625,35.9306,36.6339,4,-1171.862880706787,180
SYR,20160625,40.359,31.7715,2,-6.49350643157959,5
,20160605,36.8175,38.0111,2,-8.664259910583496,3
IND,20160611,35.3359,40.1408,2,-39.936607360839844,6
SYR,20160611,36.5282,37.955,2,-158.79576814174652,71
SAU,20160612,24.6408,46.7728,2,-91.25121307373047,12
ARE,20160611,24.0,54.0,4,-10.335917472839355,2
USA,20160611,38.0,-97.0,4,-258.42747497558594,57
YEM,20160611,36.5282,37.955,4,-73.80074119567871,10
,20160703,,,4,-929.0392279624939,169
TUR,20160625,35.0,38.0,2,-127.69150924682617,22
,20160625,32.6189,36.1021,4,-124.32847213745117,18
IRN,20160625,34.7517,35.9896,2,-8.10623550415039,3
SAU,20160611,25.0,45.0,4,20.408162593841553,18
SYR,20160611,40.0,60.0,4,-3.0524818897247314,4
,20160611,31.1981,29.9192,2,-38.96915817260742,6
,20160625,32.5434,36.5978,2,-9.037327766418457,4
BTN,20160612,36.2028,37.1586,2,-58.747955322265625,104
GBR,20160612,35.9306,36.6339,4,-100.98585510253906,26
RUS,20160618,55.7522,37.6156,2,-52.64864206314087,14
LBN,20160625,33.8719,35.5097,4,-147.31337690353394,29
SYR,20160625,38.8951,-77.0364,4,-12.44444465637207,2
SAU,20160611,36.5282,37.955,4,-15.495868682861328,3
GRC,20160703,39.0,22.0,4,-428.4183044433594,53
,20160618,35.8469,38.5443,4,-17.649974822998047,4
TUR,20160625,39.0,35.0,4,-27.586206436157227,4
RUS,20160625,32.709,36.5695,4,-63.82978820800781,8
,20160625,35.5905,37.0054,4,-19.037870407104492,6
RUS,20160612,35.75,51.5148,4,-14.17322826385498,2
SYR,20160612,35.75,51.5148,4,-45.85361862182617,9
TUR,20160611,60.0,100.0,4,-15.180935859680176,2
,20160611,33.4849,36.2928,4,-18.00818634033203,2
SYR,20160703,35.0,38.0,2,-32.24790644645691,46
SYR,20160618,35.0,38.0,2,-1766.1087169647217,389
LBN,20160625,35.0,38.0,4,-31.578948974609375,10
GHA,20160612,35.0,38.0,2,55.53160858154297,12
ISR,20160612,33.5,36.3,4,-15.139442443847656,2
SYR,20160611,36.5282,37.955,4,-1753.7572174072266,575
SYR,20160625,26.0,50.55,4,-37.69943618774414,6
,20160612,30.05,31.25,4,-11.875,3
SYR,20160611,35.8469,38.5443,4,-41.21976852416992,14
PRK,20160618,32.0,53.0,4,-15.446209907531738,4
IRQ,20160618,33.3386,44.3939,2,-41.17231750488281,10
SYR,20160625,38.0,-97.0,4,-50.99601745605469,8
USA,20160625,35.95,39.0167,4,-20.642202377319336,5
USA,20160611,33.0,44.0,4,-27.692306518554688,6
IRN,20160618,10.0,8.0,4,-95.43801212310791,16
SYR,20160618,10.0,8.0,4,-124.0353012084961,26
SYR,20160625,55.7522,37.6156,4,-43.542171478271484,7
,20160612,35.95,39.0167,4,-1700.0362396240234,305
,20160612,33.5,36.3,4,-3844.5082018375397,488
USA,20160612,35.9306,36.6339,2,-23.52941131591797,4
USA,20160611,33.5,36.3,2,-23.692227363586426,8
SYR,20160703,35.0,38.0,4,-58.33284664154053,10
SYR,20160618,33.5,36.3833,4,-28.758169174194336,4
SYR,20160612,35.3359,40.1408,4,-105.47413635253906,16
RUS,20160611,35.75,51.5148,4,-12.057666778564453,2
ISR,20160618,31.9761,34.8889,4,-27.384763717651367,4
SYR,20160625,36.5282,37.955,2,-448.7231149673462,93
IRQ,20160625,36.2028,37.1586,4,-62.853994369506836,16
USA,20160612,33.5,36.3,4,-207.72664260864258,38
EGY,20160611,33.459,36.2374,2,-62.89308166503906,10
,20160618,35.3359,40.1408,4,-89.43806838989258,30
IRQ,20160625,33.0,44.0,4,-27.343229293823242,4
,20160625,35.0,38.0,4,-1643.497414112091,228
USA,20160625,36.5282,37.955,4,-76.75666809082031,20
,20160612,33.1259,35.8246,4,-13.203463554382324,2
,20160611,26.0,50.55,4,-79.06572723388672,15
RUS,20160611,39.0,35.0,2,-4.213135242462158,2
LBY,20160611,31.2089,16.5887,4,-35.5828857421875,12
,20160618,35.0,38.0,4,-4100.719335377216,946
GBR,20160618,35.0,38.0,2,-4.99268314242363,4
SYR,20160618,46.1956,6.14811,4,-33.10344696044922,4
SYR,20160625,36.2889,37.1609,4,-83.41232299804688,8
SYR,20160612,35.95,39.0167,4,-1331.0186624526978,258
ETH,20160611,35.0,38.0,4,-84.98167991638184,8
,20160611,38.8951,-77.0364,4,-25.191411018371582,8
,20160618,37.1671,38.7939,4,-38.49765491485596,8
EGY,20160611,31.1981,29.9192,2,-19.48457908630371,3
USA,20160611,36.2028,37.1586,2,-10.75268840789795,5
SYR,20160611,36.0951,37.0815,4,-17.591623306274414,6
,20160703,35.0,38.0,4,-795.7670360803604,122
SYR,20160618,36.2028,37.1586,2,-3918.9984130859375,541
BEL,20160618,46.1956,6.14811,4,-67.26296997070312,8
SYR,20160625,32.5434,36.5978,4,-73.81165313720703,22
,20160611,35.0,38.0,2,-1701.514046907425,448
,20160611,38.0,-97.0,2,-121.65842819213867,18
IRN,20160611,32.1321,48.2003,4,-18.08650016784668,3
SYR,20160618,35.9306,36.6339,4,-26.93602752685547,2
,20160618,46.1956,6.14811,4,-48.78242111206055,7
MAR,20160625,33.8333,35.8333,2,-12.0,6
SYR,20160625,15.0,48.0,2,-110.75518035888672,14
JOR,20160625,32.2808,35.8993,4,-47.05882263183594,8
RUS,20160625,55.7522,37.6156,4,-238.60239505767822,50
SYR,20160612,60.0,100.0,4,-10.273972511291504,3
SYR,20160618,17.3753,78.4744,2,-2.67282772064209,4
SYR,20160625,35.75,51.5148,4,-342.48398208618164,48
KGZ,20160625,40.0626,70.8194,4,-358.0126266479492,40
,20160612,31.1981,29.9192,2,-12.903225898742676,2
USA,20160611,37.2397,42.1639,2,-10.991350173950195,2
,20160618,,,4,-543.7375106811523,104
,20160618,54.0,-1.5,4,-15.283843040466309,2
,20160625,32.709,36.5695,4,-262.10852432250977,85
YEM,20160611,33.5,36.3,4,-4431.86720085144,681
IRQ,20160611,33.5,36.3,4,-8.747856140136719,3
LBN,20160618,33.8333,35.8333,4,-109.09909057617188,12
PSE,20160618,35.0,38.0,4,-46.66514492034912,11
GBR,20160612,54.0,-2.0,2,-1.4440432786941528,2
USA,20160612,35.95,39.0167,2,-172.76325798034668,42
SYR,20160611,33.2092,35.515,2,-17.155948638916016,3
SYR,20160611,36.8175,38.0111,4,-99.49021911621094,17
SYR,20160611,33.3386,44.3939,2,-7.466063499450684,2
,20160611,14.0333,44.3667,2,-13.474241256713867,6
,20160618,36.5866,37.0463,4,-22.062469482421875,5
IRQ,20160618,36.2028,37.1586,4,-104.9430160522461,22
SYR,20160526,36.5282,37.955,4,-112.13467407226562,21
,20160611,40.0,60.0,4,-5.714285850524902,3
TUR,20160618,39.0,35.0,4,-50.25626087188721,6
PHL,20160618,14.6042,120.982,4,-8.510638236999512,2
SYR,20160612,33.5,36.3,4,-2463.308298110962,340
USA,20160611,42.1497,-74.9384,2,2.5806450843811035,2
LBN,20160618,33.8719,35.5097,4,-447.7445640563965,70
,20160618,35.5148,35.7768,4,-168.42104721069336,26
,20160618,35.3359,40.1408,2,-69.30929470062256,38
GBR,20160618,27.6833,53.0333,4,-23.425800800323486,10
SYR,20160625,55.7522,37.6156,2,-26.369169235229492,10
,20160612,33.2092,35.515,4,-70.59526348114014,13
SYR,20160612,35.5148,35.7768,4,-1554.9384136199951,332
,20160612,35.9306,36.6339,2,-29.771909713745117,4
USA,20160618,35.5148,35.7768,4,-8.256394386291504,2
IRN,20160618,36.2028,37.1586,4,-5.054699897766113,3
NLD,20160612,33.5,36.3,4,-145.94595336914062,18
,20160703,,,2,-347.9141112565994,60
SYR,20160625,33.5,36.3,4,-674.6795752048492,96
ISR,20160625,36.2028,37.1586,2,-16.243654251098633,2
LBN,20160612,35.0,38.0,4,-78.65120124816895,14
SYR,20160611,35.0,38.0,2,-336.6271421313286,135
,20160611,33.8,36.4333,2,15.094339370727539,8
SYR,20160618,35.3359,40.1408,2,-67.8302001953125,24
,20160618,35.75,51.5148,4,-109.72452533245087,22
GBR,20160612,35.0,38.0,2,-36.15637683868408,12
,20160618,27.8333,-81.717,4,-1.659751057624817,4
SYR,20160618,33.3386,44.3939,2,-8.270676612854004,2
,20160625,35.95,39.0167,2,-36.11111068725586,10
USA,20160625,35.9306,36.6339,4,-55.23385238647461,8
,20160612,35.0,38.0,2,-1021.0858614444733,208
RUS,20160611,35.3614,35.9256,4,-20.388349533081055,3
,20160611,36.6816,38.9768,4,-553.0440521240234,135
LBY,20160703,32.0,-5.0,4,-36.842105865478516,7
RUS,20160703,35.0,38.0,4,-9.893993377685547,2
LBY,20160618,25.0,17.0,4,-14.580958366394043,2
CHN,20160618,15.0,115.0,4,-22.86751365661621,2
SYR,20160625,35.8102,39.3612,4,-56.985984802246094,8
PSE,20160612,31.5,34.75,2,-550.2795867919922,96
SYR,20160612,36.2028,37.1586,4,-1702.9818844795227,289
SYR,20160625,60.0,100.0,4,-17.503217697143555,4
,20160513,33.0,44.0,4,-12.61829662322998,2
USA,20160612,42.1497,-74.9384,2,-69.30983543395996,8
EUR,20160612,35.0,38.0,4,-109.64912414550781,10
SYR,20160611,33.3558,43.7861,4,-12.073737144470215,3
TUR,20160618,35.95,39.0167,4,-21.30681800842285,5
TUR,20160625,36.2028,37.1586,4,-34.19273376464844,7
IRN,20160625,35.9306,36.6339,4,-189.43429565429688,27
ISR,20160612,31.5,34.75,2,-366.8530578613281,64
SYR,20160611,48.2,16.3667,2,-29.970662593841553,9
,20160617,35.0,38.0,4,-68.89564514160156,6
LBN,20160625,36.2028,37.1586,2,-2405.5609455108643,257
SYR,20160612,35.1052,37.2101,4,-27.619047164916992,4
USA,20160618,38.0,-97.0,2,-8.132530212402344,2
,20160618,38.8951,-77.0364,4,-7.376829445362091,8
SYR,20160618,33.5,36.3833,2,-57.51633834838867,8
ZAF,20160612,35.9306,36.6339,4,-178.5366668701172,30
,20160611,15.0,115.0,4,-18.545454025268555,3
USA,20160611,35.95,39.0167,4,-22.592448711395264,14
SAU,20160611,36.2028,37.1586,2,-9.048361778259277,2
IRQ,20160618,33.3558,43.7861,4,-73.47863578796387,10
,20160625,36.5282,37.955,4,-14211.52740597725,2207
EGY,20160612,33.5,36.3,4,-88.85941314697266,10
SYR,20160611,33.5,36.3,2,-1240.0281668305397,288
IRQ,20160618,36.5282,37.955,4,-81.76119232177734,14
,20160625,36.2028,37.1586,2,-785.6068363189697,162
,20160612,32.0,53.0,4,-16.35883903503418,4
ALB,20160512,41.3275,19.8189,4,-20.68965482711792,6
KHM,20160618,11.55,104.917,4,-18.218624114990234,2
,20160618,36.5383,37.2693,2,-39.794464111328125,16
,20160625,36.2028,37.1586,4,-6122.062683105469,935
USA,20160612,35.9306,36.6339,4,-233.30943298339844,40
,20160611,,,2,-786.3265194892883,136
AFG,20160611,35.0,38.0,2,-9.765625,2
SYR,20160611,33.5,36.3833,2,-38.09614372253418,10
,20160611,35.8469,38.5443,4,-11.398963451385498,6
,20160625,35.75,51.5148,4,-1244.2812614440918,216
SYR,20160625,36.2028,37.1586,2,-472.79177474975586,63
IDN,20160611,36.5282,37.955,2,-9.932279586791992,3
SYR,20160703,60.0,100.0,2,-255.48098182678223,24
